Date,Strategy Portfolio,Buy & Hold Portfolio,NIFTY Bank
2024-01-01,,1000000.0,1000000.0
2024-01-02,1000000.0,990662.6035133384,990200.9081484657
2024-01-03,998908.4237260361,990248.1869265115,989025.412332591
2024-01-04,999906.4348390101,997042.0023411189,999202.865634471
2024-01-05,999275.3523000557,997877.1678904204,998438.854092827
2024-01-08,992529.9463573894,983689.1917835821,983744.9539321449
2024-01-09,990751.793314796,980279.3864509119,979440.9304646646
2024-01-10,988509.7957289328,980091.7972857223,981891.5335227678
2024-01-11,990236.3446277842,982040.6599488303,983498.2739283451
2024-01-12,992022.5409591317,987877.7358649718,989125.9955777386
2024-01-15,993596.4026759986,996654.2637394991,998424.357795821
2024-01-16,992894.0849807233,995804.6522446864,997736.0671351859
2024-01-17,984273.4006589645,956393.7566599492,955014.3460700174
2024-01-18,983239.8100520354,954501.6118844837,947739.4725502088
2024-01-19,983142.8586180332,957190.3468284917,947482.3454943768
2024-01-23,973772.51290864,948142.9647921101,933258.0767657482
2024-01-24,969720.7055912014,944593.6064206624,934654.3374175908
2024-01-25,970813.2887479229,937345.5243833648,930171.0133826736
2024-01-29,971551.0436692479,953314.3529228416,942116.9339343817
2024-01-30,971302.7118015732,952151.013316936,940570.2843242147
2024-01-31,974893.5163818577,963499.5234221333,953611.8495809153
2024-02-01,975540.2323233072,968320.782460986,957589.2609488142
2024-02-02,975741.3457218851,963222.3397336754,953075.891516192
2024-02-05,973705.9270189332,958339.1332066649,950061.4715879463
2024-02-06,973882.5382617209,956784.8175238019,947267.8164956684
2024-02-07,977746.799992832,966121.3177821363,949915.2938443944
2024-02-08,973973.7496769237,951318.5769769704,933194.8275592584
2024-02-09,979999.1121603453,967840.0232581809,946101.6339432333
2024-02-12,975255.0806544968,953603.1182334409,930504.8331383083
2024-02-13,978949.2457422076,967874.028145996,943361.8338091061
2024-02-14,984587.5033381651,982560.7265648154,951777.0556984174
2024-02-15,984662.4056815743,985082.6984038274,958216.408010346
2024-02-16,983866.4502900974,983861.9704849236,961656.9704796274
2024-02-19,986495.2345336163,987593.4449703188,964780.2341127672
2024-02-20,989527.0226503515,1001171.8875199778,976363.2613299291
2024-02-21,991516.7570165258,1001063.1985711273,974818.7173271484
2024-02-22,993257.658675719,999965.8683355545,972747.6095079836
2024-02-23,991514.722576916,996847.6543020166,970507.486203615
2024-02-26,989631.6762509283,991612.5049470733,965630.2516176532
2024-02-27,988160.7889431491,988664.4434550629,965869.7239653997
2024-02-28,984820.5354692922,978995.7594839159,952914.1646719411
2024-02-29,986580.0528262951,982012.9454445173,956184.6588523258
2024-03-01,996452.955752058,1007149.7945686155,980358.3274059135
2024-03-04,998265.3691811869,1010688.5439939785,983866.2693115579
2024-03-05,999346.3138702996,1012210.0773137278,986455.6804873607
2024-03-06,1003916.3654865087,1023235.5022082621,994425.080505064
2024-03-07,1002410.6477607179,1019416.2600733696,991738.2444951932
2024-03-11,998268.7772688514,1007850.3639288635,981207.3730920058
2024-03-12,994853.4811759023,1004403.7725960138,980265.0328017187
2024-03-13,991586.8964946638,999981.5660978069,974022.6357653126
2024-03-14,990270.8644291663,994705.5272554227,970055.5094796469
2024-03-15,989909.7997617484,988283.4505588169,965995.1695746859
2024-03-18,990004.229347056,990061.9133043187,965617.779943134
2024-03-19,990309.7456041018,988079.9548885756,961655.9176759343
2024-03-20,990370.8542801605,988642.7691461794,960123.7643627732
2024-03-21,990070.8982888013,993206.110894415,967877.5825780749
2024-03-22,991206.991851193,995340.1821361101,971585.5571854216
2024-03-26,989002.2553099281,988833.2969476981,966121.5870027659
2024-03-27,990427.4426000941,993075.6367179129,969972.5809425849
2024-03-28,992130.1747111137,1001783.08573519,976993.5668025404
2024-04-01,992820.8183810794,1009190.8329155016,986398.6671181305
2024-04-02,990836.4051255267,1004597.6587694053,985718.6369172418
2024-04-03,989584.0109159693,1005674.8507753306,987352.3452943441
2024-04-04,991122.0819341091,1009507.2485278657,996402.9747049336
2024-04-05,994232.8163158649,1017772.4555830606,1005364.4397412013
2024-04-08,994398.1396875681,1022711.2375644192,1007202.3110498793
2024-04-09,995638.8645183635,1025547.3248193875,1010288.3216292607
2024-04-10,1000077.1101643792,1035383.5143449645,1015596.8008049252
2024-04-12,995337.6714838197,1024391.6021675785,1006846.7873411855
2024-04-15,987432.808251036,1009193.1428091351,990441.4332999054
2024-04-16,983079.6193564774,1005153.0949791694,984461.2653679983
2024-04-18,976415.6419357834,993270.0879303735,975850.1410068577
2024-04-19,978549.4757873268,1003251.4259254647,986313.6329736821
2024-04-22,979859.7313912265,1016104.4597639199,993585.4290673108
2024-04-23,979532.4892915287,1019087.5436017027,994529.7939800847
2024-04-24,982446.7277617931,1025385.4607662747,999060.8181207924
2024-04-25,984659.6938767902,1031651.3745913482,1005403.7984023461
2024-04-26,981885.7730176332,1023858.505054894,999310.6565356718
2024-04-29,996029.260159592,1053109.8854208093,1024666.0567423938
2024-04-30,995492.0302755887,1049461.991860005,1024100.0532799653
2024-05-02,993955.6103199301,1041902.5223575358,1020664.7548291498
2024-05-03,992672.0898158087,1036815.4110990812,1014289.6235425047
2024-05-06,989741.4837198112,1039171.0753922304,1013703.9407495039
2024-05-07,984396.2498810206,1031653.3224568834,1001058.3916512344
2024-05-08,982714.8985051197,1030519.1202389372,995579.9251715726
2024-05-09,982133.8264796432,1024806.3083713986,984525.4863932816
2024-05-10,982310.3621763671,1022405.4843381552,983140.6446122649
2024-05-13,983255.0154673349,1027530.2231027473,990044.4453226806
2024-05-14,983092.4424173149,1028509.1484057768,992228.5270766128
2024-05-15,984345.2739277312,1028699.1848216156,988662.5999829445
2024-05-16,984798.562828363,1034273.6777433454,994666.6584601968
2024-05-17,985893.1062478996,1039396.9837479752,997540.0836784573
2024-05-21,986577.8145199826,1040357.1643630073,996141.7174192283
2024-05-22,981359.8161272996,1032735.7233502703,990621.7866710355
2024-05-23,987296.6944996143,1053661.9559694908,1011077.1955350433
2024-05-24,989631.0917761595,1055965.1418987156,1015286.790609736
2024-05-27,992303.4529414092,1061521.508356718,1021716.9106431245
2024-05-28,991462.317570816,1059059.8495351167,1018821.6195020061
2024-05-29,983436.1346173007,1042837.3202465224,1005536.5326525852
2024-05-30,986492.1111226216,1048677.7585219208,1009289.0489546428
2024-05-31,988750.2490881986,1051445.9613151036,1015541.8120581819
2024-06-03,1014200.1897955658,1102705.0157558166,1056923.1520521452
2024-06-04,992236.4456106205,1008544.4492142322,972930.0684865
2024-06-05,995988.55705491,1046710.2524486505,1017006.58593498
2024-06-06,994210.2668843812,1055743.2052295648,1021926.2566082665
2024-06-07,997523.5594086006,1068544.460863725,1032526.6130552031
2024-06-10,997484.6822071506,1069684.128705155,1032064.2702641023
2024-06-11,995947.5765969774,1066474.1283382874,1030506.2827680088
2024-06-12,996340.4252632165,1067286.6210254333,1034431.9447851434
2024-06-13,995923.5886702614,1065815.6364854279,1033428.4608957529
2024-06-14,996505.5901990525,1066119.4529714265,1036648.1775441669
2024-06-18,1000328.2086248571,1074830.1301630158,1045747.4788793406
2024-06-19,1011132.4783807055,1096640.0313054142,1065591.289782516
2024-06-20,1014169.9072095519,1102095.4811340356,1073577.2917046114
2024-06-21,1013573.7120016733,1100329.6864601762,1071052.1015540923
2024-06-24,1013579.4676743269,1100253.3513531194,1071933.2172603763
2024-06-25,1023931.4356195454,1122270.0739187938,1090634.655171562
2024-06-26,1027185.414620563,1130333.096861987,1096118.3046847903
2024-06-27,1028936.1913526137,1133703.201535881,1094890.9785332517
2024-06-28,1023382.4044779709,1122473.2292744352,1085166.554759033
2024-07-01,1025190.9681944943,1125238.5404028895,1089986.775975765
2024-07-02,1019159.2902248623,1113468.5756160524,1081556.085970654
2024-07-03,1028222.3937340034,1133606.875093236,1100653.4590553711
2024-07-04,1029481.9371401812,1137389.2625405341,1100953.0221985278
2024-07-05,1029929.0632779122,1137631.321335032,1091761.4790628524
2024-07-08,1028775.3133660861,1135566.5267012953,1086898.7407738967
2024-07-09,1030232.5499173581,1139640.3044771042,1089863.4359738647
2024-07-10,1026761.4911279752,1132093.4204697446,1081995.5910201028
2024-07-11,1028292.6731951439,1135513.2961240099,1083682.1015516627
2024-07-12,1028763.1449630656,1137956.1554384534,1083853.1416593532
2024-07-15,1030501.1128934824,1143372.7248533957,1087522.7294243488
2024-07-16,1028309.8125950866,1140248.8771455092,1086297.5088801966
2024-07-18,1032002.0368620602,1148985.2545751375,1090939.4013482851
2024-07-19,1028979.8177455495,1142815.9593084974,1083577.4690615414
2024-07-22,1024064.8348647712,1133048.6933016274,1083884.2398607514
2024-07-23,1016388.2898497714,1120981.5192941406,1073474.683836977
2024-07-24,1011424.8553313805,1108079.211774507,1063910.9341033162
2024-07-25,1009875.9942895753,1094933.3252458926,1055032.3976041102
2024-07-26,1011400.6405297179,1105645.52784325,1063474.5064800472
2024-07-29,1011895.8525322062,1104636.6643339212,1065761.2770865133
2024-07-30,1012872.9687837078,1104770.9297196497,1067690.4183768989
2024-07-31,1012823.4990627818,1107333.5733672776,1068811.9782497236
2024-08-01,1012013.7727252835,1105579.4151384388,1069031.7712668977
2024-08-02,1011724.4578900811,1099694.5182634892,1064598.1719602582
2024-08-05,1004679.4981750299,1070396.4104884167,1038516.1752354495
2024-08-06,1003428.3634848394,1061508.7880967972,1031388.4512779863
2024-08-07,1005412.3117950977,1071248.7050188757,1039073.837253232
2024-08-08,1006643.6464410786,1071599.872189859,1039855.4225180618
2024-08-09,1007038.7216252467,1079464.851289904,1046651.4323272769
2024-08-12,1007932.0588309448,1081452.6739113433,1048588.834077409
2024-08-13,1002593.8566838996,1066163.3874980395,1033120.6372928496
2024-08-14,1002716.587722633,1065444.878323358,1030953.0764584105
2024-08-16,1006094.247808715,1081852.8630901123,1047323.1210835197
2024-08-19,1006268.5692723428,1077962.0618313611,1044243.4273262973
2024-08-20,1008019.9795470473,1086688.0333074662,1053257.6945170227
2024-08-21,1007519.7728809941,1084815.4931706602,1050819.644118338
2024-08-22,1008385.0743895101,1090281.3601787363,1057042.361824172
2024-08-23,1007732.3404413676,1089387.6719090608,1055959.1078087988
2024-08-26,1009087.485762558,1093226.6087845138,1060409.3090198308
2024-08-27,1009745.2545939708,1096880.6679868118,1063117.9299676602
2024-08-28,1008805.2158372749,1091137.8303611022,1060321.1974492024
2024-08-29,1007970.7642023921,1091847.723036436,1060505.6810502056
2024-08-30,1008768.376096411,1093801.8204419466,1064615.8266683437
2024-09-02,1008071.4827940619,1097233.767435743,1066451.6733545347
2024-09-03,1010816.6282433451,1103719.2194523378,1071625.3936574734
2024-09-04,1010010.721613944,1096851.1261225836,1065636.88428092
2024-09-05,1008924.7119421121,1097809.0390876445,1067146.1998524293
2024-09-06,1005502.4383705893,1074522.6913915677,1048566.0773206566
2024-09-09,1008907.8480115854,1086494.7634825783,1059781.1091546058
2024-09-10,1009425.9188966003,1090040.410797187,1062984.2238986276
2024-09-11,1008849.111393846,1084262.6187042485,1057546.1688838038
2024-09-12,1012128.2098953495,1103214.5903890405,1073352.3156538708
2024-09-13,1010704.5691427157,1105569.7347521617,1076786.6422858927
2024-09-16,1013598.8891678125,1110632.404038928,1081246.0757754648
2024-09-17,1014966.1902616359,1112402.7803736678,1081982.0665418904
2024-09-18,1019318.3050610734,1123382.3901211906,1093628.3429655423
2024-09-19,1022815.1323136073,1128641.6626825626,1099582.6767145172
2024-09-20,1029065.5564754315,1143044.8399619458,1115247.828774599
2024-09-23,1031277.2660776236,1151698.8556096957,1121728.726339958
2024-09-24,1029718.0197317316,1147471.3823084263,1118884.2937157096
2024-09-25,1032756.5805072892,1151664.5251625963,1121642.6393918165
2024-09-26,1034683.2622629218,1158041.6080466816,1127317.0893282068
2024-09-27,1028115.0501974932,1146324.0871183616,1116099.9518868714
2024-09-30,1017728.9511340552,1123175.0524164315,1098349.1147257192
2024-10-01,1018200.0216843856,1127243.2909889896,1097198.4812739831
2024-10-03,1010785.6746722367,1102324.135213273,1074861.63122538
2024-10-04,1007046.6392490076,1095975.7278601818,1066918.1463755087
2024-10-07,1004729.7371157722,1074081.5039057755,1046535.2999814302
2024-10-08,1004994.9068924463,1084668.1624688446,1057774.2223607246
2024-10-09,1005736.4183621677,1091842.4089153125,1057483.9724810072
2024-10-10,1005672.5776414522,1105521.114793908,1068345.5052287497
2024-10-11,1003973.4257683891,1099412.3887314717,1060911.0104720765
2024-10-14,1006215.478762575,1108716.3152420118,1074274.8956286863
2024-10-15,1007788.5267803484,1109294.8072206904,1076122.1611857032
2024-10-16,1005657.858326341,1106828.7884126075,1073946.3398915175
2024-10-17,1003890.2833576406,1097876.3838764862,1063326.3041140086
2024-10-18,1008784.5436394778,1121047.0335132703,1080023.9326574928
2024-10-21,1002865.4641393027,1113695.046457905,1077297.6570015778
2024-10-22,997407.0511323356,1100995.648420382,1062670.0834735653
2024-10-23,995244.5171256828,1096634.7897954723,1062293.8276306062
2024-10-24,998418.6448588807,1101842.0412247335,1068350.688262316
2024-10-25,997286.8287467391,1102110.2116466388,1052932.216206034
2024-10-28,998688.3856706306,1106748.1322418908,1062714.7061531758
2024-10-29,1005171.639233689,1133170.79865021,1084719.7610686314
2024-10-30,999350.804348774,1118321.3914088232,1074080.0459605502
2024-10-31,996131.6485627656,1111423.3878088365,1067193.8999582198
2024-11-01,997269.399011494,1115048.9268770448,1071310.2004287178
2024-11-04,992802.3742282385,1104994.8375392861,1061801.4394418004
2024-11-05,1003904.2469200777,1128908.7983617147,1082367.7166331888
2024-11-06,1004696.5041705952,1131103.0748293265,1084651.3288285753
2024-11-07,1001917.2228291059,1123995.1876069764,1076339.8485954911
2024-11-08,997999.4406254111,1115899.5206577156,1068973.7050939745
2024-11-11,999610.4415045325,1122432.3055101705,1075515.746258437
2024-11-12,990932.7648962688,1105785.3871267275,1060610.3945252264
2024-11-13,982194.5056614476,1085458.0301428623,1038438.4297319538
2024-11-14,981322.1230534309,1088461.7827079669,1040329.1841799887
2024-11-18,981209.5929843768,1091263.716116292,1044149.0799184095
2024-11-19,979557.5638483788,1093180.7036039112,1049595.3953929795
2024-11-21,976352.2120547479,1088335.6854761662,1044337.6937492859
2024-11-22,983020.4921466097,1108508.2612086337,1060145.9461267393
2024-11-25,990997.0927098102,1132187.5754652638,1082372.8996667552
2024-11-26,990768.224545792,1128635.9492612565,1082041.1855185071
2024-11-27,991669.7989512142,1130125.0050949082,1084327.956124973
2024-11-28,989631.5449137689,1120840.1351918357,1076139.8158937888
2024-11-29,991031.7583451372,1125290.6939758537,1079223.7208657835
2024-12-02,991740.036870633,1125386.814335416,1080330.7844416022
2024-12-03,995554.0674476738,1137993.316343215,1092495.3642218919
2024-12-04,999223.0038293975,1145903.0858891048,1104336.4903136797
2024-12-05,1002031.6352317526,1155569.3640229446,1111316.0119051042
2024-12-06,1000468.5165494642,1155786.602316121,1109366.1384804528
2024-12-09,998067.0540174674,1151509.4783123836,1107256.6438189368
2024-12-10,998801.6809318818,1154999.6722997448,1110780.0538403809
2024-12-11,996929.1025445444,1150814.4786663018,1106916.6692109422
2024-12-12,995768.2445530348,1145232.4556633793,1103290.5703369644
2024-12-13,997205.3653485985,1156610.8653633718,1110906.5522533604
2024-12-16,996783.9420848476,1156267.788130792,1110855.7747213896
2024-12-17,992313.2121507424,1141983.8121597625,1095378.1836884914
2024-12-18,987647.0216616801,1128563.6568468425,1080964.1673403936
2024-12-19,983081.761071323,1115108.7025948204,1069274.3210408245
2024-12-20,983081.761071323,1097637.664799227,1052346.5334130332
2024-12-23,983081.761071323,1107165.1503060015,1063923.4057778353
2024-12-24,983081.761071323,1104417.910013627,1062169.434825013
2024-12-26,983081.761071323,1103688.9846177772,1060877.8066632918
2024-12-27,983081.761071323,1103502.430495963,1063792.7771349826
2024-12-30,983081.761071323,1091606.80444598,1056359.2541971032
2024-12-31,983081.761071323,1094278.4615880486,1054440.47897385
